{"cameraMode":{"drawMode":0,"name":"Shaded","section":"Shading Mode"},"sceneLighting":false,"audioPlay":false,"sceneViewState":{"showFog":true,"showMaterialUpdate":false,"showSkybox":false,"showFlares":true,"showImageEffects":true,"showParticleSystems":true},"in2DMode":false,"pivot":{"x":-0.08067432045936585,"y":-0.5499275922775269,"z":-0.2053762674331665},"rotation":{"x":-0.6369454860687256,"y":-0.06292324513196945,"z":0.05228549614548683,"w":-0.7665590643882752},"size":3.37658953666687,"orthographic":false}