{"cameraMode":{"drawMode":0,"name":"Shaded","section":"Shading Mode"},"sceneLighting":true,"audioPlay":false,"sceneViewState":{"showFog":true,"showMaterialUpdate":false,"showSkybox":true,"showFlares":true,"showImageEffects":true,"showParticleSystems":true},"in2DMode":false,"pivot":{"x":-3.247300148010254,"y":1.8345036506652833,"z":3.065746784210205},"rotation":{"x":-0.42210617661476138,"y":-0.060575224459171298,"z":0.028284206986427308,"w":-0.9040838479995728},"size":1.1547656059265137,"orthographic":false}