{"cameraMode":{"drawMode":0,"name":"Shaded","section":"Shading Mode"},"sceneLighting":true,"audioPlay":false,"sceneViewState":{"showFog":true,"showMaterialUpdate":false,"showSkybox":true,"showFlares":true,"showImageEffects":true,"showParticleSystems":true},"in2DMode":false,"pivot":{"x":0.0,"y":0.923035740852356,"z":-0.0028001070022583009},"rotation":{"x":-0.25501111149787905,"y":-0.23160696029663087,"z":0.0630558505654335,"w":-0.9366734623908997},"size":6.305385589599609,"orthographic":false}