{"cameraMode":{"drawMode":0,"name":"Shaded","section":"Shading Mode"},"sceneLighting":true,"audioPlay":false,"sceneViewState":{"showFog":true,"showMaterialUpdate":false,"showSkybox":true,"showFlares":true,"showImageEffects":true,"showParticleSystems":true},"in2DMode":false,"pivot":{"x":1.320928931236267,"y":1.5616562366485596,"z":0.5196018218994141},"rotation":{"x":-0.09766494482755661,"y":0.17138540744781495,"z":-0.017076401039958,"w":-0.9802029728889465},"size":8.365530967712403,"orthographic":false}