{"cameraMode":{"drawMode":0,"name":"Shaded","section":"Shading Mode"},"sceneLighting":true,"audioPlay":false,"sceneViewState":{"showFog":true,"showMaterialUpdate":false,"showSkybox":true,"showFlares":true,"showImageEffects":true,"showParticleSystems":true},"in2DMode":false,"pivot":{"x":0.9465770721435547,"y":0.7053444385528565,"z":-0.03695991635322571},"rotation":{"x":-0.20314939320087434,"y":-0.10639425367116928,"z":0.022211628034710885,"w":-0.973098635673523},"size":7.927157878875732,"orthographic":false}